Room amenities,Hotel amenities/vicinity,Staff/service,General comments,Food related,Location
room,pool,staff,park,room,hotel
stay,breakfast,friendly,hotel,breakfast,location
time,room,helpful,car,good,good
make,cold,hotel,find,nice,walk
work,swim,room,barrier,clean,beautiful
hotel,good,clean,didnt,bed,minute
day,night,great,open,hotel,close
good,small,extremely,reasonable,great,centre
call,area,super,check,excellent,park
clean,book,location,city,comfortable,station
feel,hot,amaze,free,spacious,restaurant
leave,extra,nice,center,location,excellent
towel,kid,charm,high,service,easy
bed,warm,level,lift,big,great
back,back,star,ticket,staff,bite
rest,bar,time,area,food,money
wait,shower,bar,close,view,town
water,drink,modern,day,restaurant,restaurant
night,place,comfortable,book,price,min
lot,charge,lovely,space,kind,locate
