"1","2","3","4","5","6"
"hotel","staff","hotel","room","location","room"
"good","friendly","staff","bed","great","location"
"concierge","hotel","helpful","comfortable","staff","service"
"room","good","good","shower","walk","good"
"service","clean","stay","hot","breakfast","breakfast"
"stay","excellent","nice","quiet","minute","facility"
"day","professional","bar","air","clean","perfect"
"team","food","friendly","bathroom","place","make"
"time","fantastic","place","spacious","hotel","bite"
"restaurant","room","extremely","bar","bed","coffee"
