Food related,Staff/service,Location,Hotel amenities/vicinity,Room amenities,General comments
breakfast,staff,hotel,room,room,room
hotel,friendly,walk,breakfast,bed,hotel
good,location,good,location,bathroom,check
room,great,location,view,comfortable,book
service,helpful,station,excellent,nice,day
staff,hotel,minute,great,clean,breakfast
food,clean,close,hotel,small,reception
time,room,city,good,shower,night
stay,good,train,canal,good,stay
restaurant,nice,park,beautiful,bath,recommend
covid,comfortable,center,coffee,light,time
place,breakfast,min,nice,spacious,clean
quality,bed,bruges,facility,door,sleep
make,amaze,town,window,large,nice
bar,lovely,restaurant,price,toilet,make
expensive,modern,locate,fantastic,bite,pay
nice,super,centre,pool,big,didnt
close,area,square,free,comfy,leave
bite,pool,central,small,fine,call
expect,beautiful,distance,water,side,late
