Location,Food related,Hotel amenities/vicinity,Room amenities,General comments,Staff/service
close,breakfast,room,room,hotel,staff
location,room,hotel,clean,park,breakfast
hotel,good,work,good,check,friendly
walk,great,clean,comfortable,staff,good
station,coffee,bathroom,big,time,helpful
city,location,find,nice,night,location
good,hotel,day,bed,bite,room
area,price,change,bathroom,day,hotel
distance,machine,location,spacious,breakfast,clean
metro,tea,shower,size,book,service
room,food,light,window,good,nice
stay,quality,door,space,great,excellent
place,choice,front,small,recommend,stay
center,facility,didn,towel,bad,food
centre,large,noise,hotel,free,bar
central,star,properly,staff,reception,expect
quiet,wasn,make,shower,pay,delicious
great,money,lot,modern,visit,restaurant
perfect,selection,water,amaze,stay,bathroom
convenient,equip,dirty,view,arrive,quality
